,sequence,tag,molecular_weight,aromaticity,helix,charge,charge_den,aliphatic,hydrophobic,frac_a,frac_c,frac_d,frac_e,frac_f,frac_g,frac_h,frac_i,frac_k,frac_l,frac_m,frac_n,frac_p,frac_q,frac_r,frac_s,frac_t,frac_v,frac_w,frac_y
0,MLFGSRAKKYGKEAKQEKSFQYPKSSFVACKKKWKRSKHFFKTFKKKVS,Active,5893.9737000000005,0.18367346938775508,0.24489795918367346,15.025,0.002549206903981853,25.918367346938773,0.2857142857142857,0.061224489795918366,0.02040816326530612,0.0,0.04081632653061224,0.12244897959183673,0.04081632653061224,0.02040816326530612,0.0,0.30612244897959184,0.02040816326530612,0.02040816326530612,0.0,0.02040816326530612,0.04081632653061224,0.04081632653061224,0.12244897959183673,0.02040816326530612,0.04081632653061224,0.02040816326530612,0.04081632653061224
1,MWLKMRKCCGCGFKYCLKCVQKKGRIFKTLGKAKMWPKWFFKIGGKC,Active,5596.0508,0.1702127659574468,0.2978723404255319,13.587,0.0024279539033643252,49.787234042553195,0.425531914893617,0.02127659574468085,0.1276595744680851,0.0,0.0,0.0851063829787234,0.1276595744680851,0.0,0.0425531914893617,0.2553191489361702,0.06382978723404255,0.06382978723404255,0.0,0.02127659574468085,0.02127659574468085,0.0425531914893617,0.0,0.02127659574468085,0.02127659574468085,0.06382978723404255,0.02127659574468085
2,MNNRGPLGRRFKARRKWKKFVAGKMKKKRKRFKGFKKKGGFTPFVKKFV,Active,5931.271900000002,0.16326530612244897,0.24489795918367346,21.993,0.003707962348831367,29.795918367346935,0.30612244897959184,0.04081632653061224,0.0,0.0,0.0,0.14285714285714285,0.12244897959183673,0.0,0.0,0.30612244897959184,0.02040816326530612,0.04081632653061224,0.04081632653061224,0.04081632653061224,0.0,0.14285714285714285,0.0,0.02040816326530612,0.061224489795918366,0.02040816326530612,0.0
3,MEPFSKRFFLVFFKARCKCFFIFKSWFLFFFFFTFLVRRKKGVKQFFYE,Active,6365.667199999998,0.3877551020408163,0.5306122448979592,8.861,0.0013919958276256425,51.63265306122449,0.5714285714285714,0.02040816326530612,0.04081632653061224,0.0,0.04081632653061224,0.3469387755102041,0.02040816326530612,0.0,0.02040816326530612,0.14285714285714285,0.061224489795918366,0.02040816326530612,0.0,0.02040816326530612,0.02040816326530612,0.08163265306122448,0.04081632653061224,0.02040816326530612,0.061224489795918366,0.02040816326530612,0.02040816326530612
4,MRRKTPVKWKTFFKALKHKKKIFKKTFEKFKFLAKGPAFLKGFDQKLKS,Active,5962.2844000000005,0.18367346938775508,0.3061224489795918,16.093,0.00269912617614008,51.836734693877546,0.3673469387755102,0.061224489795918366,0.0,0.02040816326530612,0.02040816326530612,0.16326530612244897,0.04081632653061224,0.02040816326530612,0.02040816326530612,0.32653061224489793,0.08163265306122448,0.02040816326530612,0.0,0.04081632653061224,0.02040816326530612,0.04081632653061224,0.02040816326530612,0.061224489795918366,0.02040816326530612,0.02040816326530612,0.0
5,MYLKKFLALKNSLKKLSPFKCAVKSWLKKCAEVTFYSKLLGRRGKKDGN,Active,5666.859100000001,0.12244897959183673,0.32653061224489793,11.859,0.0020926859224123327,81.63265306122449,0.3877551020408163,0.061224489795918366,0.04081632653061224,0.02040816326530612,0.02040816326530612,0.061224489795918366,0.061224489795918366,0.0,0.0,0.24489795918367346,0.16326530612244897,0.02040816326530612,0.04081632653061224,0.02040816326530612,0.0,0.04081632653061224,0.08163265306122448,0.02040816326530612,0.04081632653061224,0.02040816326530612,0.04081632653061224
6,MRNFFKKTRLKYKGKKELIKKSRAFGLKTKKRSGFFFPRALKYEEEFY,Active,5971.077499999999,0.20833333333333334,0.3125,12.997,0.002176654513665009,44.79166666666666,0.3125,0.041666666666666664,0.0,0.0,0.08333333333333333,0.14583333333333334,0.0625,0.0,0.020833333333333332,0.25,0.08333333333333333,0.020833333333333332,0.020833333333333332,0.020833333333333332,0.0,0.10416666666666667,0.041666666666666664,0.041666666666666664,0.0,0.0,0.0625
7,MWFKWEWRPWFPSIFKKKYLAASNTEAKLCVKSKCYAKVGKGFAVILCF,Active,5837.001300000001,0.22448979591836735,0.3877551020408163,7.793,0.0013350990745277555,67.75510204081633,0.4489795918367347,0.10204081632653061,0.061224489795918366,0.0,0.04081632653061224,0.10204081632653061,0.04081632653061224,0.0,0.04081632653061224,0.1836734693877551,0.061224489795918366,0.02040816326530612,0.02040816326530612,0.04081632653061224,0.0,0.02040816326530612,0.061224489795918366,0.02040816326530612,0.061224489795918366,0.08163265306122448,0.04081632653061224
8,MGWWFPPKTGNGAGKAFKKAAAAKWGGLFLKAAWFANKGEWGGGFPKGY,Active,5248.0307,0.22448979591836735,0.2653061224489796,6.995,0.0013328760206171816,34.28571428571429,0.3469387755102041,0.1836734693877551,0.0,0.0,0.02040816326530612,0.10204081632653061,0.22448979591836735,0.0,0.0,0.16326530612244897,0.04081632653061224,0.02040816326530612,0.04081632653061224,0.061224489795918366,0.0,0.0,0.0,0.02040816326530612,0.0,0.10204081632653061,0.02040816326530612
9,MCFCFKAGPKICRGLQRKKKKFKYQTSFTKTGFGFLTKPKSPAR,Active,5091.144100000001,0.1590909090909091,0.2272727272727273,12.79,0.002512197613117639,31.136363636363637,0.3409090909090909,0.045454545454545456,0.06818181818181818,0.0,0.0,0.13636363636363635,0.09090909090909091,0.0,0.022727272727272728,0.22727272727272727,0.045454545454545456,0.022727272727272728,0.0,0.06818181818181818,0.045454545454545456,0.06818181818181818,0.045454545454545456,0.09090909090909091,0.0,0.0,0.022727272727272728
10,MKKFIANGIGARACAKIGGFVKKGKMAKKKAAKAVKFVFKNGGKSKTKC,Active,5175.393000000002,0.08163265306122448,0.20408163265306123,15.858,0.0030641050660720603,57.95918367346938,0.4489795918367347,0.16326530612244897,0.04081632653061224,0.0,0.0,0.08163265306122448,0.14285714285714285,0.0,0.061224489795918366,0.30612244897959184,0.0,0.04081632653061224,0.04081632653061224,0.0,0.0,0.02040816326530612,0.02040816326530612,0.02040816326530612,0.061224489795918366,0.0,0.0
11,MWFDRKKFFWPGVCLFLLFFPKRFYKKGPEKVFSFRKKYKFARKCKCKL,Active,6250.6518000000015,0.2857142857142857,0.4081632653061224,13.791,0.0022063234821227164,45.714285714285715,0.42857142857142855,0.02040816326530612,0.061224489795918366,0.02040816326530612,0.02040816326530612,0.20408163265306123,0.04081632653061224,0.0,0.0,0.24489795918367346,0.08163265306122448,0.02040816326530612,0.0,0.061224489795918366,0.0,0.08163265306122448,0.02040816326530612,0.0,0.04081632653061224,0.04081632653061224,0.04081632653061224
12,MKQPSKTKTHFKYFLLFLKSVKKVAGFKKKKKKYHWRSYKEGSCFRKRT,Active,6058.267500000001,0.18367346938775508,0.2857142857142857,17.122,0.0028262100361653207,37.755102040816325,0.2653061224489796,0.02040816326530612,0.02040816326530612,0.0,0.02040816326530612,0.10204081632653061,0.04081632653061224,0.04081632653061224,0.0,0.30612244897959184,0.061224489795918366,0.02040816326530612,0.0,0.02040816326530612,0.02040816326530612,0.061224489795918366,0.08163265306122448,0.061224489795918366,0.04081632653061224,0.02040816326530612,0.061224489795918366
13,MKEKKFFFFCFKKRRGFYKRRFFCKTTCFTYCFYKPRGTKTMPYVFSE,Active,6157.351500000002,0.3125,0.3333333333333333,11.723,0.0019039003728870817,6.041666666666665,0.375,0.0,0.08333333333333333,0.0,0.041666666666666664,0.22916666666666666,0.041666666666666664,0.0,0.0,0.1875,0.0,0.041666666666666664,0.0,0.041666666666666664,0.0,0.10416666666666667,0.020833333333333332,0.10416666666666667,0.020833333333333332,0.0,0.08333333333333333
14,MEAFKKKPRLPLFKVKLTRFLERARGLGSYRIFEFFKKFGVKKFVSSLR,Active,5927.153899999998,0.18367346938775508,0.3877551020408163,11.997,0.0020240688220516706,77.55102040816325,0.42857142857142855,0.04081632653061224,0.0,0.0,0.061224489795918366,0.16326530612244897,0.061224489795918366,0.0,0.02040816326530612,0.1836734693877551,0.12244897959183673,0.02040816326530612,0.0,0.04081632653061224,0.0,0.12244897959183673,0.061224489795918366,0.02040816326530612,0.061224489795918366,0.0,0.02040816326530612
15,MKAKKWFESLFKTFFKKGKGIYPKSSFEKEKKTDKKKKFGGWVWFKK,Active,5767.873500000003,0.23404255319148937,0.29787234042553185,12.996,0.0022531597288441203,24.893617021276594,0.2553191489361702,0.02127659574468085,0.0,0.02127659574468085,0.06382978723404255,0.14893617021276595,0.0851063829787234,0.0,0.02127659574468085,0.3617021276595745,0.02127659574468085,0.02127659574468085,0.0,0.02127659574468085,0.0,0.0,0.06382978723404255,0.0425531914893617,0.02127659574468085,0.06382978723404255,0.02127659574468085
16,MWIKWKKPRKWGRRLKKKEKEELGDYIYLYCKVYRLFGFLPYFISKKTA,Active,6234.474,0.22448979591836737,0.40816326530612246,10.927,0.0017526694244436995,71.63265306122449,0.30612244897959184,0.02040816326530612,0.02040816326530612,0.02040816326530612,0.061224489795918366,0.061224489795918366,0.061224489795918366,0.0,0.061224489795918366,0.22448979591836735,0.10204081632653061,0.02040816326530612,0.0,0.04081632653061224,0.0,0.08163265306122448,0.02040816326530612,0.02040816326530612,0.02040816326530612,0.061224489795918366,0.10204081632653061
17,MCFFPRRKSKVKVKGGLCRLLFIFFKTTFCFKAKTKKEIKKGTGKKIVR,Active,5773.183100000001,0.14285714285714285,0.32653061224489793,15.792,0.002735398046144253,67.55102040816327,0.42857142857142855,0.02040816326530612,0.061224489795918366,0.0,0.02040816326530612,0.14285714285714285,0.08163265306122448,0.0,0.061224489795918366,0.2653061224489796,0.061224489795918366,0.02040816326530612,0.0,0.02040816326530612,0.0,0.08163265306122448,0.02040816326530612,0.08163265306122448,0.061224489795918366,0.0,0.0
18,MCFCRYRFFYRRRIRFFKWGPYFYVWFGFPFGRKAFFLSVFRRRFC,Active,6163.330299999999,0.4130434782608695,0.5,11.79,0.0019129238367508524,31.739130434782606,0.4782608695652174,0.021739130434782608,0.06521739130434782,0.0,0.0,0.2826086956521739,0.06521739130434782,0.0,0.021739130434782608,0.043478260869565216,0.021739130434782608,0.021739130434782608,0.0,0.043478260869565216,0.0,0.21739130434782608,0.021739130434782608,0.0,0.043478260869565216,0.043478260869565216,0.08695652173913043
19,MRGRPPKRIRSVIIAQTTTATAKKIVIVLLLIFSSSKRRR,Active,4563.554999999999,0.025,0.32499999999999996,10.995,0.0024093032632418548,117.0,0.425,0.075,0.0,0.0,0.0,0.025,0.025,0.0,0.15,0.1,0.075,0.025,0.0,0.05,0.025,0.175,0.1,0.1,0.075,0.0,0.0
20,MGIGKFQKMRFIGAIRASKGVAKGLLRIAAIRTGRRALTT,Active,4316.2435,0.05,0.275,9.995,0.002315667535476397,100.25,0.475,0.15,0.0,0.0,0.0,0.05,0.15,0.0,0.125,0.1,0.075,0.05,0.0,0.0,0.025,0.15,0.025,0.075,0.025,0.0,0.0
21,MGFSGILIKIALGIISISASISVVNTVIFFVVNGFGGVINFL,Active,4329.191599999999,0.11904761904761904,0.5476190476190476,0.996,0.0002300650696085429,157.6190476190476,0.6190476190476191,0.047619047619047616,0.0,0.0,0.0,0.11904761904761904,0.14285714285714285,0.0,0.21428571428571427,0.023809523809523808,0.07142857142857142,0.023809523809523808,0.07142857142857142,0.0,0.0,0.0,0.11904761904761904,0.023809523809523808,0.14285714285714285,0.0,0.0
22,MSTRSSSIRRLVEAVRTRFRAALRTVLFFALRTTKRRPRR,Active,4820.6839,0.075,0.275,11.997,0.0024886530530962435,80.5,0.4,0.1,0.0,0.0,0.025,0.075,0.0,0.0,0.025,0.025,0.1,0.025,0.0,0.025,0.0,0.3,0.1,0.125,0.075,0.0,0.0
23,MAIRIIGRLARVRARVVARVRSRLLADDPPEDLLRVARRRKGRRWLFLS,Active,5807.929299999999,0.04081632653061224,0.3469387755102041,10.998,0.0018936178638516647,121.42857142857142,0.46938775510204084,0.12244897959183673,0.0,0.061224489795918366,0.02040816326530612,0.02040816326530612,0.04081632653061224,0.0,0.061224489795918366,0.02040816326530612,0.14285714285714285,0.02040816326530612,0.0,0.04081632653061224,0.0,0.2857142857142857,0.04081632653061224,0.0,0.10204081632653061,0.02040816326530612,0.0
24,MATKTLFWWNNSCKNKTTIGIAVDAALFGIIRSSFTAFY,Active,4389.060299999999,0.1794871794871795,0.3589743589743589,2.927,0.0006668838728933465,80.25641025641025,0.46153846153846156,0.1282051282051282,0.02564102564102564,0.02564102564102564,0.0,0.10256410256410256,0.05128205128205128,0.0,0.10256410256410256,0.07692307692307693,0.05128205128205128,0.02564102564102564,0.07692307692307693,0.0,0.0,0.02564102564102564,0.07692307692307693,0.1282051282051282,0.02564102564102564,0.05128205128205128,0.02564102564102564
25,MKLRRRLRTRMVALLVLGVLFLLMLFFIIFLRRMLMRRFRA,Active,5168.646399999999,0.12195121951219512,0.5121951219512195,10.996,0.002127441401526511,149.75609756097563,0.6829268292682927,0.04878048780487805,0.0,0.0,0.0,0.12195121951219512,0.024390243902439025,0.0,0.04878048780487805,0.024390243902439025,0.2682926829268293,0.12195121951219512,0.0,0.0,0.0,0.24390243902439024,0.0,0.024390243902439025,0.07317073170731707,0.0,0.0
26,MNTTSNMIHRAVQQKRISFRAAKLTVLFLFKRRLLRRLLRHHEN,Active,5402.409699999997,0.06818181818181818,0.3181818181818182,10.293,0.0019052572735922047,99.77272727272727,0.4318181818181818,0.06818181818181818,0.0,0.0,0.022727272727272728,0.06818181818181818,0.0,0.06818181818181818,0.045454545454545456,0.06818181818181818,0.1590909090909091,0.045454545454545456,0.06818181818181818,0.0,0.045454545454545456,0.18181818181818182,0.045454545454545456,0.06818181818181818,0.045454545454545456,0.0,0.0
27,MMKIRNTLRSRKEAVRRIFSLRRRSVFTEMARAFRRFKAR,Active,5030.0181,0.1,0.25,12.998,0.002584085152742931,63.5,0.425,0.1,0.0,0.0,0.05,0.1,0.0,0.0,0.05,0.075,0.05,0.075,0.025,0.0,0.0,0.3,0.075,0.05,0.05,0.0,0.0
28,MKKKKKGILKQNNKKKKYTLFNRMVVFLFLGFIMIIFVQKYKKVIYHK,Active,5953.444199999999,0.16666666666666669,0.4375,15.089,0.0025344882900224575,97.29166666666666,0.4375,0.0,0.0,0.0,0.0,0.10416666666666667,0.041666666666666664,0.020833333333333332,0.10416666666666667,0.2916666666666667,0.08333333333333333,0.0625,0.0625,0.0,0.041666666666666664,0.020833333333333332,0.0,0.020833333333333332,0.08333333333333333,0.0,0.0625
29,MGFGLWGLFHFKMNVPNLFKNGFIFLIIMIFTVWGLFFGKKKAYIEKFL,Active,5851.129599999999,0.2653061224489796,0.5306122448979591,5.094,0.0008705980875554379,101.42857142857142,0.5510204081632653,0.02040816326530612,0.0,0.0,0.02040816326530612,0.20408163265306123,0.12244897959183673,0.02040816326530612,0.10204081632653061,0.12244897959183673,0.12244897959183673,0.061224489795918366,0.061224489795918366,0.02040816326530612,0.0,0.0,0.0,0.02040816326530612,0.04081632653061224,0.04081632653061224,0.02040816326530612
