sequence,tag,molecular_weight,gravy,aromaticity,instability,isoelectric,helix,turn,sheet,charge,charge_den,aliphatic,boman,hydrophobic,moment_max,moment_mean,frac_a,frac_c,frac_d,frac_e,frac_f,frac_g,frac_h,frac_i,frac_k,frac_l,frac_m,frac_n,frac_p,frac_q,frac_r,frac_s,frac_t,frac_v,frac_w,frac_y
MLFGSRAKKYGKEAKQEKSFQYPKSSFVACKKKWKRSKHFFKTFKKKVS,tested_active,5893.9737000000005,-1.1693877551020406,0.18367346938775508,41.04897959183673,10.50739574432373,0.24489795918367346,0.18367346938775508,0.14285714285714285,15.025,0.002549206903981853,25.918367346938773,2.4806122448979586,0.2857142857142857,0.1594449628560476,0.1594449628560476,0.061224489795918366,0.02040816326530612,0.0,0.04081632653061224,0.12244897959183673,0.04081632653061224,0.02040816326530612,0.0,0.30612244897959184,0.02040816326530612,0.02040816326530612,0.0,0.02040816326530612,0.04081632653061224,0.04081632653061224,0.12244897959183673,0.02040816326530612,0.04081632653061224,0.02040816326530612,0.04081632653061224
MWLKMRKCCGCGFKYCLKCVQKKGRIFKTLGKAKMWPKWFFKIGGKC,tested_active,5596.0508,-0.20638297872340425,0.1702127659574468,9.368085106382978,10.120649909973142,0.2978723404255319,0.14893617021276595,0.14893617021276595,13.587,0.0024279539033643252,49.787234042553195,0.7438297872340423,0.425531914893617,0.24578563468881715,0.24578563468881715,0.02127659574468085,0.1276595744680851,0.0,0.0,0.0851063829787234,0.1276595744680851,0.0,0.0425531914893617,0.2553191489361702,0.06382978723404255,0.06382978723404255,0.0,0.02127659574468085,0.02127659574468085,0.0425531914893617,0.0,0.02127659574468085,0.02127659574468085,0.06382978723404255,0.02127659574468085
MNNRGPLGRRFKARRKWKKFVAGKMKKKRKRFKGFKKKGGFTPFVKKFV,tested_active,5931.271900000002,-1.2408163265306122,0.16326530612244897,42.86326530612244,11.999967765808105,0.24489795918367346,0.20408163265306123,0.1020408163265306,21.993,0.003707962348831367,29.795918367346935,3.0479591836734716,0.30612244897959184,0.08541094358260204,0.08541094358260204,0.04081632653061224,0.0,0.0,0.0,0.14285714285714285,0.12244897959183673,0.0,0.0,0.30612244897959184,0.02040816326530612,0.04081632653061224,0.04081632653061224,0.04081632653061224,0.0,0.14285714285714285,0.0,0.02040816326530612,0.061224489795918366,0.02040816326530612,0.0
MEPFSKRFFLVFFKARCKCFFIFKSWFLFFFFFTFLVRRKKGVKQFFYE,tested_active,6365.667199999998,0.4591836734693879,0.3877551020408163,38.463469387755104,10.463815116882323,0.5306122448979592,0.08163265306122448,0.14285714285714285,8.861,0.0013919958276256425,51.63265306122449,0.7091836734693877,0.5714285714285714,0.14701833707391646,0.14701833707391646,0.02040816326530612,0.04081632653061224,0.0,0.04081632653061224,0.3469387755102041,0.02040816326530612,0.0,0.02040816326530612,0.14285714285714285,0.061224489795918366,0.02040816326530612,0.0,0.02040816326530612,0.02040816326530612,0.08163265306122448,0.04081632653061224,0.02040816326530612,0.061224489795918366,0.02040816326530612,0.02040816326530612
MRRKTPVKWKTFFKALKHKKKIFKKTFEKFKFLAKGPAFLKGFDQKLKS,tested_active,5962.2844000000005,-0.8020408163265302,0.18367346938775508,18.277551020408172,11.084645652770995,0.3061224489795918,0.1020408163265306,0.18367346938775508,16.093,0.00269912617614008,51.836734693877546,1.857346938775509,0.3673469387755102,0.22961681147733953,0.22961681147733953,0.061224489795918366,0.0,0.02040816326530612,0.02040816326530612,0.16326530612244897,0.04081632653061224,0.02040816326530612,0.02040816326530612,0.32653061224489793,0.08163265306122448,0.02040816326530612,0.0,0.04081632653061224,0.02040816326530612,0.04081632653061224,0.02040816326530612,0.061224489795918366,0.02040816326530612,0.02040816326530612,0.0
MYLKKFLALKNSLKKLSPFKCAVKSWLKKCAEVTFYSKLLGRRGKKDGN,tested_active,5666.859100000001,-0.41836734693877553,0.12244897959183673,29.924693877551015,10.264414405822752,0.32653061224489793,0.20408163265306123,0.26530612244897955,11.859,0.0020926859224123327,81.63265306122449,1.4251020408163264,0.3877551020408163,0.20637879941678938,0.20637879941678938,0.061224489795918366,0.04081632653061224,0.02040816326530612,0.02040816326530612,0.061224489795918366,0.061224489795918366,0.0,0.0,0.24489795918367346,0.16326530612244897,0.02040816326530612,0.04081632653061224,0.02040816326530612,0.0,0.04081632653061224,0.08163265306122448,0.02040816326530612,0.04081632653061224,0.02040816326530612,0.04081632653061224
MRNFFKKTRLKYKGKKELIKKSRAFGLKTKKRSGFFFPRALKYEEEFY,tested_active,5971.077499999999,-1.0770833333333334,0.20833333333333334,35.12104166666666,10.570381355285644,0.3125,0.14583333333333331,0.22916666666666663,12.997,0.002176654513665009,44.79166666666666,2.774791666666666,0.3125,0.3132837571937361,0.3132837571937361,0.041666666666666664,0.0,0.0,0.08333333333333333,0.14583333333333334,0.0625,0.0,0.020833333333333332,0.25,0.08333333333333333,0.020833333333333332,0.020833333333333332,0.020833333333333332,0.0,0.10416666666666667,0.041666666666666664,0.041666666666666664,0.0,0.0,0.0625
MWFKWEWRPWFPSIFKKKYLAASNTEAKLCVKSKCYAKVGKGFAVILCF,tested_active,5837.001300000001,0.04081632653061235,0.22448979591836735,11.969387755102039,9.821903419494628,0.3877551020408163,0.163265306122449,0.22448979591836737,7.793,0.0013350990745277555,67.75510204081633,0.41061224489795906,0.4489795918367347,0.1215260211057033,0.1215260211057033,0.10204081632653061,0.061224489795918366,0.0,0.04081632653061224,0.10204081632653061,0.04081632653061224,0.0,0.04081632653061224,0.1836734693877551,0.061224489795918366,0.02040816326530612,0.02040816326530612,0.04081632653061224,0.0,0.02040816326530612,0.061224489795918366,0.02040816326530612,0.061224489795918366,0.08163265306122448,0.04081632653061224
MGWWFPPKTGNGAGKAFKKAAAAKWGGLFLKAAWFANKGEWGGGFPKGY,tested_active,5248.0307,-0.3612244897959184,0.22448979591836735,7.659183673469386,10.301161384582517,0.2653061224489796,0.326530612244898,0.2653061224489796,6.995,0.0013328760206171816,34.28571428571429,0.03734693877551012,0.3469387755102041,0.11324860944025526,0.11324860944025526,0.1836734693877551,0.0,0.0,0.02040816326530612,0.10204081632653061,0.22448979591836735,0.0,0.0,0.16326530612244897,0.04081632653061224,0.02040816326530612,0.04081632653061224,0.061224489795918366,0.0,0.0,0.0,0.02040816326530612,0.0,0.10204081632653061,0.02040816326530612
MCFCFKAGPKICRGLQRKKKKFKYQTSFTKTGFGFLTKPKSPAR,tested_active,5091.144100000001,-0.6749999999999998,0.1590909090909091,17.211363636363636,10.638202095031737,0.2272727272727273,0.20454545454545453,0.11363636363636363,12.79,0.002512197613117639,31.136363636363637,1.8715909090909093,0.3409090909090909,0.2221133366346435,0.2221133366346435,0.045454545454545456,0.06818181818181818,0.0,0.0,0.13636363636363635,0.09090909090909091,0.0,0.022727272727272728,0.22727272727272727,0.045454545454545456,0.022727272727272728,0.0,0.06818181818181818,0.045454545454545456,0.06818181818181818,0.045454545454545456,0.09090909090909091,0.0,0.0,0.022727272727272728
MKKFIANGIGARACAKIGGFVKKGKMAKKKAAKAVKFVFKNGGKSKTKC,tested_active,5175.393000000002,-0.2816326530612246,0.08163265306122448,12.19795918367347,10.805690956115722,0.20408163265306123,0.2040816326530612,0.2040816326530612,15.858,0.0030641050660720603,57.95918367346938,1.0265306122448978,0.4489795918367347,0.22402091332978016,0.22402091332978016,0.16326530612244897,0.04081632653061224,0.0,0.0,0.08163265306122448,0.14285714285714285,0.0,0.061224489795918366,0.30612244897959184,0.0,0.04081632653061224,0.04081632653061224,0.0,0.0,0.02040816326530612,0.02040816326530612,0.02040816326530612,0.061224489795918366,0.0,0.0
MWFDRKKFFWPGVCLFLLFFPKRFYKKGPEKVFSFRKKYKFARKCKCKL,tested_active,6250.6518000000015,-0.4040816326530612,0.2857142857142857,30.292040816326526,10.400507164001464,0.4081632653061224,0.12244897959183673,0.14285714285714285,13.791,0.0022063234821227164,45.714285714285715,1.4977551020408157,0.42857142857142855,0.20368670891966725,0.20368670891966725,0.02040816326530612,0.061224489795918366,0.02040816326530612,0.02040816326530612,0.20408163265306123,0.04081632653061224,0.0,0.0,0.24489795918367346,0.08163265306122448,0.02040816326530612,0.0,0.061224489795918366,0.0,0.08163265306122448,0.02040816326530612,0.0,0.04081632653061224,0.04081632653061224,0.04081632653061224
MKQPSKTKTHFKYFLLFLKSVKKVAGFKKKKKKYHWRSYKEGSCFRKRT,tested_active,6058.267500000001,-1.1816326530612242,0.18367346938775508,34.381632653061224,10.679139518737792,0.2857142857142857,0.14285714285714285,0.12244897959183673,17.122,0.0028262100361653207,37.755102040816325,2.5310204081632652,0.2653061224489796,0.1685750048197267,0.1685750048197267,0.02040816326530612,0.02040816326530612,0.0,0.02040816326530612,0.10204081632653061,0.04081632653061224,0.04081632653061224,0.0,0.30612244897959184,0.061224489795918366,0.02040816326530612,0.0,0.02040816326530612,0.02040816326530612,0.061224489795918366,0.08163265306122448,0.061224489795918366,0.04081632653061224,0.02040816326530612,0.061224489795918366
MKEKKFFFFCFKKRRGFYKRRFFCKTTCFTYCFYKPRGTKTMPYVFSE,tested_active,6157.351500000002,-0.6104166666666666,0.3125,62.41291666666667,10.098537254333493,0.3333333333333333,0.10416666666666666,0.08333333333333333,11.723,0.0019039003728870817,6.041666666666665,2.2179166666666656,0.375,0.04956354205359929,0.04956354205359929,0.0,0.08333333333333333,0.0,0.041666666666666664,0.22916666666666666,0.041666666666666664,0.0,0.0,0.1875,0.0,0.041666666666666664,0.0,0.041666666666666664,0.0,0.10416666666666667,0.020833333333333332,0.10416666666666667,0.020833333333333332,0.0,0.08333333333333333
MEAFKKKPRLPLFKVKLTRFLERARGLGSYRIFEFFKKFGVKKFVSSLR,tested_active,5927.153899999998,-0.2775510204081633,0.18367346938775508,-0.5163265306122451,11.457466316223147,0.3877551020408163,0.163265306122449,0.24489795918367346,11.997,0.0020240688220516706,77.55102040816325,1.9106122448979588,0.42857142857142855,0.16936045672480626,0.16936045672480626,0.04081632653061224,0.0,0.0,0.061224489795918366,0.16326530612244897,0.061224489795918366,0.0,0.02040816326530612,0.1836734693877551,0.12244897959183673,0.02040816326530612,0.0,0.04081632653061224,0.0,0.12244897959183673,0.061224489795918366,0.02040816326530612,0.061224489795918366,0.0,0.02040816326530612
MKAKKWFESLFKTFFKKGKGIYPKSSFEKEKKTDKKKKFGGWVWFKK,tested_active,5767.873500000003,-1.180851063829787,0.23404255319148937,8.053191489361703,10.301096916198727,0.29787234042553185,0.1702127659574468,0.1276595744680851,12.996,0.0022531597288441203,24.893617021276594,1.9006382978723397,0.2553191489361702,0.15970673053898465,0.15970673053898465,0.02127659574468085,0.0,0.02127659574468085,0.06382978723404255,0.14893617021276595,0.0851063829787234,0.0,0.02127659574468085,0.3617021276595745,0.02127659574468085,0.02127659574468085,0.0,0.02127659574468085,0.0,0.0,0.06382978723404255,0.0425531914893617,0.02127659574468085,0.06382978723404255,0.02127659574468085
MWIKWKKPRKWGRRLKKKEKEELGDYIYLYCKVYRLFGFLPYFISKKTA,tested_active,6234.474,-0.7897959183673469,0.22448979591836737,16.687755102040818,10.111495399475096,0.40816326530612246,0.12244897959183673,0.20408163265306123,10.927,0.0017526694244436995,71.63265306122449,1.8155102040816316,0.30612244897959184,0.31412608867524505,0.31412608867524505,0.02040816326530612,0.02040816326530612,0.02040816326530612,0.061224489795918366,0.061224489795918366,0.061224489795918366,0.0,0.061224489795918366,0.22448979591836735,0.10204081632653061,0.02040816326530612,0.0,0.04081632653061224,0.0,0.08163265306122448,0.02040816326530612,0.02040816326530612,0.02040816326530612,0.061224489795918366,0.10204081632653061
MCFFPRRKSKVKVKGGLCRLLFIFFKTTFCFKAKTKKEIKKGTGKKIVR,tested_active,5773.183100000001,-0.21836734693877544,0.14285714285714285,8.208163265306125,10.955064201354979,0.32653061224489793,0.12244897959183672,0.12244897959183673,15.792,0.002735398046144253,67.55102040816327,1.5930612244897957,0.42857142857142855,0.08652648737907682,0.08652648737907682,0.02040816326530612,0.061224489795918366,0.0,0.02040816326530612,0.14285714285714285,0.08163265306122448,0.0,0.061224489795918366,0.2653061224489796,0.061224489795918366,0.02040816326530612,0.0,0.02040816326530612,0.0,0.08163265306122448,0.02040816326530612,0.08163265306122448,0.061224489795918366,0.0,0.0
MCFCRYRFFYRRRIRFFKWGPYFYVWFGFPFGRKAFFLSVFRRRFC,tested_active,6163.330299999999,-0.015217391304347946,0.4130434782608695,67.62652173913042,11.453920555114745,0.5,0.13043478260869565,0.06521739130434782,11.79,0.0019129238367508524,31.739130434782606,2.002608695652174,0.4782608695652174,0.19310926057756492,0.19310926057756492,0.021739130434782608,0.06521739130434782,0.0,0.0,0.2826086956521739,0.06521739130434782,0.0,0.021739130434782608,0.043478260869565216,0.021739130434782608,0.021739130434782608,0.0,0.043478260869565216,0.0,0.21739130434782608,0.021739130434782608,0.0,0.043478260869565216,0.043478260869565216,0.08695652173913043
MRGRPPKRIRSVIIAQTTTATAKKIVIVLLLIFSSSKRRR,tested_active,4563.554999999999,0.02250000000000001,0.025,74.56,11.999967765808105,0.32499999999999996,0.17500000000000002,0.175,10.995,0.0024093032632418548,117.0,2.1989999999999994,0.425,0.004919982931217071,0.004919982931217071,0.075,0.0,0.0,0.0,0.025,0.025,0.0,0.15,0.1,0.075,0.025,0.0,0.05,0.025,0.175,0.1,0.1,0.075,0.0,0.0
MGIGKFQKMRFIGAIRASKGVAKGLLRIAAIRTGRRALTT,tested_active,4316.2435,0.17250000000000001,0.05,22.415,11.999967765808105,0.275,0.175,0.275,9.995,0.002315667535476397,100.25,1.44525,0.475,0.03848743444153399,0.03848743444153399,0.15,0.0,0.0,0.0,0.05,0.15,0.0,0.125,0.1,0.075,0.05,0.0,0.0,0.025,0.15,0.025,0.075,0.025,0.0,0.0
MGFSGILIKIALGIISISASISVVNTVIFFVVNGFGGVINFL,tested_active,4329.191599999999,1.7880952380952386,0.11904761904761904,0.02142857142857224,8.500108146667483,0.5476190476190476,0.3333333333333333,0.14285714285714285,0.996,0.0002300650696085429,157.6190476190476,-1.5416666666666663,0.6190476190476191,0.18997064491801646,0.18997064491801646,0.047619047619047616,0.0,0.0,0.0,0.11904761904761904,0.14285714285714285,0.0,0.21428571428571427,0.023809523809523808,0.07142857142857142,0.023809523809523808,0.07142857142857142,0.0,0.0,0.0,0.11904761904761904,0.023809523809523808,0.14285714285714285,0.0,0.0
MSTRSSSIRRLVEAVRTRFRAALRTVLFFALRTTKRRPRR,tested_active,4820.6839,-0.49749999999999994,0.075,105.02000000000001,11.999967765808105,0.275,0.125,0.25,11.997,0.0024886530530962435,80.5,4.064999999999998,0.4,0.2704409041740993,0.2704409041740993,0.1,0.0,0.0,0.025,0.075,0.0,0.0,0.025,0.025,0.1,0.025,0.0,0.025,0.0,0.3,0.1,0.125,0.075,0.0,0.0
MAIRIIGRLARVRARVVARVRSRLLADDPPEDLLRVARRRKGRRWLFLS,tested_active,5807.929299999999,-0.22040816326530607,0.04081632653061224,86.36326530612243,11.999967765808105,0.3469387755102041,0.12244897959183673,0.30612244897959184,10.998,0.0018936178638516647,121.42857142857142,3.355102040816327,0.46938775510204084,0.18732405537532118,0.18732405537532118,0.12244897959183673,0.0,0.061224489795918366,0.02040816326530612,0.02040816326530612,0.04081632653061224,0.0,0.061224489795918366,0.02040816326530612,0.14285714285714285,0.02040816326530612,0.0,0.04081632653061224,0.0,0.2857142857142857,0.04081632653061224,0.0,0.10204081632653061,0.02040816326530612,0.0
MATKTLFWWNNSCKNKTTIGIAVDAALFGIIRSSFTAFY,tested_active,4389.060299999999,0.3692307692307692,0.1794871794871795,46.85923076923076,9.626499748229982,0.3589743589743589,0.20512820512820512,0.20512820512820512,2.927,0.0006668838728933465,80.25641025641025,0.47948717948717967,0.46153846153846156,0.19881897775854174,0.19881897775854174,0.1282051282051282,0.02564102564102564,0.02564102564102564,0.0,0.10256410256410256,0.05128205128205128,0.0,0.10256410256410256,0.07692307692307693,0.05128205128205128,0.02564102564102564,0.07692307692307693,0.0,0.0,0.02564102564102564,0.07692307692307693,0.1282051282051282,0.02564102564102564,0.05128205128205128,0.02564102564102564
MKLRRRLRTRMVALLVLGVLFLLMLFFIIFLRRMLMRRFRA,tested_active,5168.646399999999,0.9878048780487801,0.12195121951219512,75.8219512195122,11.999967765808105,0.5121951219512195,0.024390243902439025,0.43902439024390244,10.996,0.002127441401526511,149.75609756097563,1.2202439024390241,0.6829268292682927,0.13295904254505347,0.13295904254505347,0.04878048780487805,0.0,0.0,0.0,0.12195121951219512,0.024390243902439025,0.0,0.04878048780487805,0.024390243902439025,0.2682926829268293,0.12195121951219512,0.0,0.0,0.0,0.24390243902439024,0.0,0.024390243902439025,0.07317073170731707,0.0,0.0
MNTTSNMIHRAVQQKRISFRAAKLTVLFLFKRRLLRRLLRHHEN,tested_active,5402.409699999997,-0.4636363636363636,0.06818181818181818,63.66590909090909,11.999967765808105,0.3181818181818182,0.11363636363636363,0.2954545454545454,10.293,0.0019052572735922047,99.77272727272727,2.9745454545454537,0.4318181818181818,0.04502235682954034,0.04502235682954034,0.06818181818181818,0.0,0.0,0.022727272727272728,0.06818181818181818,0.0,0.06818181818181818,0.045454545454545456,0.06818181818181818,0.1590909090909091,0.045454545454545456,0.06818181818181818,0.0,0.045454545454545456,0.18181818181818182,0.045454545454545456,0.06818181818181818,0.045454545454545456,0.0,0.0
MMKIRNTLRSRKEAVRRIFSLRRRSVFTEMARAFRRFKAR,tested_active,5030.0181,-0.7725,0.1,105.70750000000001,11.999967765808105,0.25,0.1,0.275,12.998,0.002584085152742931,63.5,4.433,0.425,0.21840253957240963,0.21840253957240963,0.1,0.0,0.0,0.05,0.1,0.0,0.0,0.05,0.075,0.05,0.075,0.025,0.0,0.0,0.3,0.075,0.05,0.05,0.0,0.0
MKKKKKGILKQNNKKKKYTLFNRMVVFLFLGFIMIIFVQKYKKVIYHK,tested_active,5953.444199999999,-0.2291666666666665,0.16666666666666669,22.322916666666668,10.6614107131958,0.4375,0.10416666666666666,0.14583333333333331,15.089,0.0025344882900224575,97.29166666666666,0.9791666666666661,0.4375,0.05184911492792573,0.05184911492792573,0.0,0.0,0.0,0.0,0.10416666666666667,0.041666666666666664,0.020833333333333332,0.10416666666666667,0.2916666666666667,0.08333333333333333,0.0625,0.0625,0.0,0.041666666666666664,0.020833333333333332,0.0,0.020833333333333332,0.08333333333333333,0.0,0.0625
MGFGLWGLFHFKMNVPNLFKNGFIFLIIMIFTVWGLFFGKKKAYIEKFL,tested_active,5851.129599999999,0.8326530612244896,0.2653061224489796,16.89591836734694,10.12516269683838,0.5306122448979591,0.20408163265306123,0.22448979591836732,5.094,0.0008705980875554379,101.42857142857142,-0.8930612244897959,0.5510204081632653,0.13143741801046277,0.13143741801046277,0.02040816326530612,0.0,0.0,0.02040816326530612,0.20408163265306123,0.12244897959183673,0.02040816326530612,0.10204081632653061,0.12244897959183673,0.12244897959183673,0.061224489795918366,0.061224489795918366,0.02040816326530612,0.0,0.0,0.0,0.02040816326530612,0.04081632653061224,0.04081632653061224,0.02040816326530612
